[
  {
    "inputs": [
      {
        "internalType": "address",
        "name": "receiver_",
        "type": "address"
      },
      {
        "components": [
          {
            "internalType": "uint256",
            "name": "totalVolumeInUSD",
            "type": "uint256"
          },
          {
            "internalType": "uint256",
            "name": "totalVolumeInETH",
            "type": "uint256"
          },
          {
            "internalType": "uint256",
            "name": "wethUM",
            "type": "uint256"
          },
          {
            "internalType": "uint256",
            "name": "valueUM",
            "type": "uint256"
          },
          {
            "internalType": "uint256",
            "name": "ozlBalance",
            "type": "uint256"
          },
          {
            "internalType": "uint256",
            "name": "wethUserShare",
            "type": "uint256"
          },
          {
            "internalType": "uint256",
            "name": "usdUserShare",
            "type": "uint256"
          }
        ],
        "internalType": "struct FakeOZL.FakeOZLVars",
        "name": "vars_",
        "type": "tuple"
      }
    ],
    "stateMutability": "nonpayable",
    "type": "constructor"
  },
  {
    "anonymous": false,
    "inputs": [
      {
        "indexed": true,
        "internalType": "address",
        "name": "previousOwner",
        "type": "address"
      },
      {
        "indexed": true,
        "internalType": "address",
        "name": "newOwner",
        "type": "address"
      }
    ],
    "name": "OwnershipTransferred",
    "type": "event"
  },
  {
    "inputs": [
      {
        "internalType": "address",
        "name": "user_",
        "type": "address"
      }
    ],
    "name": "balanceOf",
    "outputs": [
      {
        "internalType": "uint256",
        "name": "",
        "type": "uint256"
      }
    ],
    "stateMutability": "view",
    "type": "function"
  },
  {
    "inputs": [
      {
        "components": [
          {
            "internalType": "uint256",
            "name": "totalVolumeInUSD",
            "type": "uint256"
          },
          {
            "internalType": "uint256",
            "name": "totalVolumeInETH",
            "type": "uint256"
          },
          {
            "internalType": "uint256",
            "name": "wethUM",
            "type": "uint256"
          },
          {
            "internalType": "uint256",
            "name": "valueUM",
            "type": "uint256"
          },
          {
            "internalType": "uint256",
            "name": "ozlBalance",
            "type": "uint256"
          },
          {
            "internalType": "uint256",
            "name": "wethUserShare",
            "type": "uint256"
          },
          {
            "internalType": "uint256",
            "name": "usdUserShare",
            "type": "uint256"
          }
        ],
        "internalType": "struct FakeOZL.FakeOZLVars",
        "name": "newVars_",
        "type": "tuple"
      }
    ],
    "name": "changeFakeOZLVars",
    "outputs": [],
    "stateMutability": "nonpayable",
    "type": "function"
  },
  {
    "inputs": [
      {
        "internalType": "address",
        "name": "newReceiver_",
        "type": "address"
      }
    ],
    "name": "changeReceiver",
    "outputs": [],
    "stateMutability": "nonpayable",
    "type": "function"
  },
  {
    "inputs": [
      {
        "components": [
          {
            "internalType": "address",
            "name": "user",
            "type": "address"
          },
          {
            "internalType": "address",
            "name": "userToken",
            "type": "address"
          },
          {
            "internalType": "uint256",
            "name": "userSlippage",
            "type": "uint256"
          }
        ],
        "internalType": "struct StorageBeacon.UserConfig",
        "name": "userDetails_",
        "type": "tuple"
      }
    ],
    "name": "exchangeToUserToken",
    "outputs": [],
    "stateMutability": "payable",
    "type": "function"
  },
  {
    "inputs": [],
    "name": "getAUM",
    "outputs": [
      {
        "internalType": "uint256",
        "name": "",
        "type": "uint256"
      },
      {
        "internalType": "uint256",
        "name": "",
        "type": "uint256"
      }
    ],
    "stateMutability": "view",
    "type": "function"
  },
  {
    "inputs": [
      {
        "internalType": "address",
        "name": "user_",
        "type": "address"
      }
    ],
    "name": "getOzelBalances",
    "outputs": [
      {
        "internalType": "uint256",
        "name": "",
        "type": "uint256"
      },
      {
        "internalType": "uint256",
        "name": "",
        "type": "uint256"
      }
    ],
    "stateMutability": "view",
    "type": "function"
  },
  {
    "inputs": [],
    "name": "getTotalVolumeInETH",
    "outputs": [
      {
        "internalType": "uint256",
        "name": "",
        "type": "uint256"
      }
    ],
    "stateMutability": "view",
    "type": "function"
  },
  {
    "inputs": [],
    "name": "getTotalVolumeInUSD",
    "outputs": [
      {
        "internalType": "uint256",
        "name": "",
        "type": "uint256"
      }
    ],
    "stateMutability": "view",
    "type": "function"
  },
  {
    "inputs": [],
    "name": "owner",
    "outputs": [
      {
        "internalType": "address",
        "name": "",
        "type": "address"
      }
    ],
    "stateMutability": "view",
    "type": "function"
  },
  {
    "inputs": [],
    "name": "receiver",
    "outputs": [
      {
        "internalType": "address",
        "name": "",
        "type": "address"
      }
    ],
    "stateMutability": "view",
    "type": "function"
  },
  {
    "inputs": [],
    "name": "renounceOwnership",
    "outputs": [],
    "stateMutability": "nonpayable",
    "type": "function"
  },
  {
    "inputs": [
      {
        "internalType": "address",
        "name": "newOwner",
        "type": "address"
      }
    ],
    "name": "transferOwnership",
    "outputs": [],
    "stateMutability": "nonpayable",
    "type": "function"
  },
  {
    "stateMutability": "payable",
    "type": "receive"
  }
]
