[
    {
      "inputs": [
        {
          "components": [
            {
              "internalType": "address",
              "name": "inbox",
              "type": "address"
            },
            {
              "internalType": "address",
              "name": "ops",
              "type": "address"
            },
            {
              "internalType": "address",
              "name": "OZL",
              "type": "address"
            },
            {
              "internalType": "address",
              "name": "emitter",
              "type": "address"
            },
            {
              "internalType": "address payable",
              "name": "gelato",
              "type": "address"
            },
            {
              "internalType": "address",
              "name": "ETH",
              "type": "address"
            },
            {
              "internalType": "uint256",
              "name": "maxGas",
              "type": "uint256"
            }
          ],
          "internalType": "struct StorageBeacon.FixedConfig",
          "name": "fxConfig_",
          "type": "tuple"
        },
        {
          "components": [
            {
              "internalType": "uint256",
              "name": "maxSubmissionCost",
              "type": "uint256"
            },
            {
              "internalType": "uint256",
              "name": "gasPriceBid",
              "type": "uint256"
            },
            {
              "internalType": "uint256",
              "name": "autoRedeem",
              "type": "uint256"
            }
          ],
          "internalType": "struct StorageBeacon.VariableConfig",
          "name": "varConfig_",
          "type": "tuple"
        },
        {
          "components": [
            {
              "internalType": "contract ISwapRouter",
              "name": "swapRouter",
              "type": "address"
            },
            {
              "internalType": "contract AggregatorV3Interface",
              "name": "priceFeed",
              "type": "address"
            },
            {
              "internalType": "uint24",
              "name": "poolFee",
              "type": "uint24"
            },
            {
              "internalType": "address",
              "name": "tokenIn",
              "type": "address"
            },
            {
              "internalType": "address",
              "name": "tokenOut",
              "type": "address"
            }
          ],
          "internalType": "struct StorageBeacon.EmergencyMode",
          "name": "eMode_",
          "type": "tuple"
        },
        {
          "internalType": "address[]",
          "name": "tokens_",
          "type": "address[]"
        }
      ],
      "stateMutability": "nonpayable",
      "type": "constructor"
    },
    {
      "inputs": [],
      "name": "NotProxy",
      "type": "error"
    },
    {
      "anonymous": false,
      "inputs": [
        {
          "indexed": true,
          "internalType": "address",
          "name": "previousOwner",
          "type": "address"
        },
        {
          "indexed": true,
          "internalType": "address",
          "name": "newOwner",
          "type": "address"
        }
      ],
      "name": "OwnershipTransferred",
      "type": "event"
    },
    {
      "inputs": [
        {
          "internalType": "address",
          "name": "newToken_",
          "type": "address"
        }
      ],
      "name": "addTokenToDatabase",
      "outputs": [],
      "stateMutability": "nonpayable",
      "type": "function"
    },
    {
      "inputs": [
        {
          "components": [
            {
              "internalType": "contract ISwapRouter",
              "name": "swapRouter",
              "type": "address"
            },
            {
              "internalType": "contract AggregatorV3Interface",
              "name": "priceFeed",
              "type": "address"
            },
            {
              "internalType": "uint24",
              "name": "poolFee",
              "type": "uint24"
            },
            {
              "internalType": "address",
              "name": "tokenIn",
              "type": "address"
            },
            {
              "internalType": "address",
              "name": "tokenOut",
              "type": "address"
            }
          ],
          "internalType": "struct StorageBeacon.EmergencyMode",
          "name": "newEmode_",
          "type": "tuple"
        }
      ],
      "name": "changeEmergencyMode",
      "outputs": [],
      "stateMutability": "nonpayable",
      "type": "function"
    },
    {
      "inputs": [
        {
          "internalType": "bool",
          "name": "newStatus",
          "type": "bool"
        }
      ],
      "name": "changeEmitterStatus",
      "outputs": [],
      "stateMutability": "nonpayable",
      "type": "function"
    },
    {
      "inputs": [
        {
          "components": [
            {
              "internalType": "uint256",
              "name": "maxSubmissionCost",
              "type": "uint256"
            },
            {
              "internalType": "uint256",
              "name": "gasPriceBid",
              "type": "uint256"
            },
            {
              "internalType": "uint256",
              "name": "autoRedeem",
              "type": "uint256"
            }
          ],
          "internalType": "struct StorageBeacon.VariableConfig",
          "name": "newVarConfig_",
          "type": "tuple"
        }
      ],
      "name": "changeVariableConfig",
      "outputs": [],
      "stateMutability": "nonpayable",
      "type": "function"
    },
    {
      "inputs": [],
      "name": "getEmergencyMode",
      "outputs": [
        {
          "components": [
            {
              "internalType": "contract ISwapRouter",
              "name": "swapRouter",
              "type": "address"
            },
            {
              "internalType": "contract AggregatorV3Interface",
              "name": "priceFeed",
              "type": "address"
            },
            {
              "internalType": "uint24",
              "name": "poolFee",
              "type": "uint24"
            },
            {
              "internalType": "address",
              "name": "tokenIn",
              "type": "address"
            },
            {
              "internalType": "address",
              "name": "tokenOut",
              "type": "address"
            }
          ],
          "internalType": "struct StorageBeacon.EmergencyMode",
          "name": "",
          "type": "tuple"
        }
      ],
      "stateMutability": "view",
      "type": "function"
    },
    {
      "inputs": [],
      "name": "getEmitterStatus",
      "outputs": [
        {
          "internalType": "bool",
          "name": "",
          "type": "bool"
        }
      ],
      "stateMutability": "view",
      "type": "function"
    },
    {
      "inputs": [],
      "name": "getFixedConfig",
      "outputs": [
        {
          "components": [
            {
              "internalType": "address",
              "name": "inbox",
              "type": "address"
            },
            {
              "internalType": "address",
              "name": "ops",
              "type": "address"
            },
            {
              "internalType": "address",
              "name": "OZL",
              "type": "address"
            },
            {
              "internalType": "address",
              "name": "emitter",
              "type": "address"
            },
            {
              "internalType": "address payable",
              "name": "gelato",
              "type": "address"
            },
            {
              "internalType": "address",
              "name": "ETH",
              "type": "address"
            },
            {
              "internalType": "uint256",
              "name": "maxGas",
              "type": "uint256"
            }
          ],
          "internalType": "struct StorageBeacon.FixedConfig",
          "name": "",
          "type": "tuple"
        }
      ],
      "stateMutability": "view",
      "type": "function"
    },
    {
      "inputs": [
        {
          "internalType": "address",
          "name": "user_",
          "type": "address"
        }
      ],
      "name": "getProxyByUser",
      "outputs": [
        {
          "internalType": "address[]",
          "name": "",
          "type": "address[]"
        }
      ],
      "stateMutability": "view",
      "type": "function"
    },
    {
      "inputs": [
        {
          "internalType": "address",
          "name": "proxy_",
          "type": "address"
        }
      ],
      "name": "getProxyPayments",
      "outputs": [
        {
          "internalType": "uint256",
          "name": "",
          "type": "uint256"
        }
      ],
      "stateMutability": "view",
      "type": "function"
    },
    {
      "inputs": [
        {
          "internalType": "address",
          "name": "proxy_",
          "type": "address"
        }
      ],
      "name": "getTaskID",
      "outputs": [
        {
          "internalType": "bytes32",
          "name": "",
          "type": "bytes32"
        }
      ],
      "stateMutability": "view",
      "type": "function"
    },
    {
      "inputs": [],
      "name": "getTokenDatabase",
      "outputs": [
        {
          "internalType": "address[]",
          "name": "",
          "type": "address[]"
        }
      ],
      "stateMutability": "view",
      "type": "function"
    },
    {
      "inputs": [
        {
          "internalType": "address",
          "name": "proxy_",
          "type": "address"
        }
      ],
      "name": "getUserByProxy",
      "outputs": [
        {
          "internalType": "address",
          "name": "",
          "type": "address"
        }
      ],
      "stateMutability": "view",
      "type": "function"
    },
    {
      "inputs": [
        {
          "internalType": "uint256",
          "name": "userId_",
          "type": "uint256"
        }
      ],
      "name": "getUserDetailsById",
      "outputs": [
        {
          "components": [
            {
              "internalType": "address",
              "name": "user",
              "type": "address"
            },
            {
              "internalType": "address",
              "name": "userToken",
              "type": "address"
            },
            {
              "internalType": "uint256",
              "name": "userSlippage",
              "type": "uint256"
            }
          ],
          "internalType": "struct StorageBeacon.UserConfig",
          "name": "",
          "type": "tuple"
        }
      ],
      "stateMutability": "view",
      "type": "function"
    },
    {
      "inputs": [],
      "name": "getVariableConfig",
      "outputs": [
        {
          "components": [
            {
              "internalType": "uint256",
              "name": "maxSubmissionCost",
              "type": "uint256"
            },
            {
              "internalType": "uint256",
              "name": "gasPriceBid",
              "type": "uint256"
            },
            {
              "internalType": "uint256",
              "name": "autoRedeem",
              "type": "uint256"
            }
          ],
          "internalType": "struct StorageBeacon.VariableConfig",
          "name": "",
          "type": "tuple"
        }
      ],
      "stateMutability": "view",
      "type": "function"
    },
    {
      "inputs": [
        {
          "internalType": "uint256",
          "name": "",
          "type": "uint256"
        }
      ],
      "name": "idToUserDetails",
      "outputs": [
        {
          "internalType": "address",
          "name": "user",
          "type": "address"
        },
        {
          "internalType": "address",
          "name": "userToken",
          "type": "address"
        },
        {
          "internalType": "uint256",
          "name": "userSlippage",
          "type": "uint256"
        }
      ],
      "stateMutability": "view",
      "type": "function"
    },
    {
      "inputs": [
        {
          "internalType": "address",
          "name": "user_",
          "type": "address"
        }
      ],
      "name": "isUser",
      "outputs": [
        {
          "internalType": "bool",
          "name": "",
          "type": "bool"
        }
      ],
      "stateMutability": "view",
      "type": "function"
    },
    {
      "inputs": [
        {
          "components": [
            {
              "internalType": "address",
              "name": "user",
              "type": "address"
            },
            {
              "internalType": "address",
              "name": "userToken",
              "type": "address"
            },
            {
              "internalType": "uint256",
              "name": "userSlippage",
              "type": "uint256"
            }
          ],
          "internalType": "struct StorageBeacon.UserConfig",
          "name": "userDetails_",
          "type": "tuple"
        }
      ],
      "name": "issueUserID",
      "outputs": [
        {
          "internalType": "uint256",
          "name": "id",
          "type": "uint256"
        }
      ],
      "stateMutability": "nonpayable",
      "type": "function"
    },
    {
      "inputs": [],
      "name": "owner",
      "outputs": [
        {
          "internalType": "address",
          "name": "",
          "type": "address"
        }
      ],
      "stateMutability": "view",
      "type": "function"
    },
    {
      "inputs": [
        {
          "internalType": "address",
          "name": "",
          "type": "address"
        }
      ],
      "name": "proxyDatabase",
      "outputs": [
        {
          "internalType": "bool",
          "name": "",
          "type": "bool"
        }
      ],
      "stateMutability": "view",
      "type": "function"
    },
    {
      "inputs": [
        {
          "internalType": "address",
          "name": "",
          "type": "address"
        }
      ],
      "name": "proxyToPayments",
      "outputs": [
        {
          "internalType": "uint256",
          "name": "",
          "type": "uint256"
        }
      ],
      "stateMutability": "view",
      "type": "function"
    },
    {
      "inputs": [
        {
          "internalType": "address",
          "name": "",
          "type": "address"
        }
      ],
      "name": "proxyToUser",
      "outputs": [
        {
          "internalType": "address",
          "name": "",
          "type": "address"
        }
      ],
      "stateMutability": "view",
      "type": "function"
    },
    {
      "inputs": [
        {
          "internalType": "address",
          "name": "token_",
          "type": "address"
        }
      ],
      "name": "queryTokenDatabase",
      "outputs": [
        {
          "internalType": "bool",
          "name": "",
          "type": "bool"
        }
      ],
      "stateMutability": "view",
      "type": "function"
    },
    {
      "inputs": [],
      "name": "renounceOwnership",
      "outputs": [],
      "stateMutability": "nonpayable",
      "type": "function"
    },
    {
      "inputs": [
        {
          "internalType": "address",
          "name": "proxy_",
          "type": "address"
        },
        {
          "internalType": "bytes32",
          "name": "id_",
          "type": "bytes32"
        }
      ],
      "name": "saveTaskId",
      "outputs": [],
      "stateMutability": "nonpayable",
      "type": "function"
    },
    {
      "inputs": [
        {
          "internalType": "address",
          "name": "user_",
          "type": "address"
        },
        {
          "internalType": "address",
          "name": "proxy_",
          "type": "address"
        }
      ],
      "name": "saveUserProxy",
      "outputs": [],
      "stateMutability": "nonpayable",
      "type": "function"
    },
    {
      "inputs": [
        {
          "internalType": "address",
          "name": "beacon_",
          "type": "address"
        }
      ],
      "name": "storeBeacon",
      "outputs": [],
      "stateMutability": "nonpayable",
      "type": "function"
    },
    {
      "inputs": [
        {
          "internalType": "address",
          "name": "proxy_",
          "type": "address"
        },
        {
          "internalType": "uint256",
          "name": "payment_",
          "type": "uint256"
        }
      ],
      "name": "storeProxyPayment",
      "outputs": [],
      "stateMutability": "nonpayable",
      "type": "function"
    },
    {
      "inputs": [
        {
          "internalType": "address",
          "name": "",
          "type": "address"
        }
      ],
      "name": "taskIDs",
      "outputs": [
        {
          "internalType": "bytes32",
          "name": "",
          "type": "bytes32"
        }
      ],
      "stateMutability": "view",
      "type": "function"
    },
    {
      "inputs": [
        {
          "internalType": "address",
          "name": "",
          "type": "address"
        }
      ],
      "name": "tokenDatabase",
      "outputs": [
        {
          "internalType": "bool",
          "name": "",
          "type": "bool"
        }
      ],
      "stateMutability": "view",
      "type": "function"
    },
    {
      "inputs": [
        {
          "internalType": "uint256",
          "name": "",
          "type": "uint256"
        }
      ],
      "name": "tokenDatabaseArray",
      "outputs": [
        {
          "internalType": "address",
          "name": "",
          "type": "address"
        }
      ],
      "stateMutability": "view",
      "type": "function"
    },
    {
      "inputs": [
        {
          "internalType": "address",
          "name": "newOwner",
          "type": "address"
        }
      ],
      "name": "transferOwnership",
      "outputs": [],
      "stateMutability": "nonpayable",
      "type": "function"
    },
    {
      "inputs": [
        {
          "internalType": "address",
          "name": "",
          "type": "address"
        },
        {
          "internalType": "contract IERC20",
          "name": "",
          "type": "address"
        }
      ],
      "name": "userToFailedERC",
      "outputs": [
        {
          "internalType": "uint256",
          "name": "",
          "type": "uint256"
        }
      ],
      "stateMutability": "view",
      "type": "function"
    },
    {
      "inputs": [
        {
          "internalType": "address",
          "name": "",
          "type": "address"
        },
        {
          "internalType": "uint256",
          "name": "",
          "type": "uint256"
        }
      ],
      "name": "userToFailedTokenCount",
      "outputs": [
        {
          "internalType": "contract IERC20",
          "name": "",
          "type": "address"
        }
      ],
      "stateMutability": "view",
      "type": "function"
    },
    {
      "inputs": [
        {
          "internalType": "address",
          "name": "",
          "type": "address"
        },
        {
          "internalType": "uint256",
          "name": "",
          "type": "uint256"
        }
      ],
      "name": "userToProxy",
      "outputs": [
        {
          "internalType": "address",
          "name": "",
          "type": "address"
        }
      ],
      "stateMutability": "view",
      "type": "function"
    }
  ]